{"loss":{"0":2.1746535301,"1":2.1432373524,"2":2.09029603,"3":2.0544536114,"4":2.0429239273,"5":1.975381732,"6":1.9476020336,"7":1.9253456593,"8":1.8793946505,"9":1.8694583178,"10":1.8258186579,"11":1.7792345285,"12":1.762452364,"13":1.7410901785,"14":1.7290701866,"15":1.7090944052,"16":1.6496767998,"17":1.6342570782,"18":1.6301994324,"19":1.5960538387},"accuracy":{"0":0.4021662474,"1":0.4092300534,"2":0.4287732542,"3":0.4226512909,"4":0.4338356555,"5":0.4491405785,"6":0.4596185684,"7":0.4604426622,"8":0.4770426154,"9":0.479985863,"10":0.4815163612,"11":0.4978808463,"12":0.5,"13":0.5023546219,"14":0.5098893046,"15":0.50918293,"16":0.5229573846,"17":0.5361431837,"18":0.5364963412,"19":0.5397927761},"val_loss":{"0":2.8672397137,"1":2.8889825344,"2":3.0305507183,"3":2.8780987263,"4":3.0692870617,"5":3.1845457554,"6":3.0890192986,"7":2.852337122,"8":2.8529067039,"9":2.7290141582,"10":2.8604147434,"11":3.3512582779,"12":2.9167103767,"13":3.2284193039,"14":2.8822033405,"15":2.9049940109,"16":2.9109964371,"17":3.6600561142,"18":2.8879976273,"19":2.9923126698},"val_accuracy":{"0":0.2582290173,"1":0.248493284,"2":0.2341214716,"3":0.2568382025,"4":0.2262401432,"5":0.2225312889,"6":0.2257765383,"7":0.2549837828,"8":0.2619378865,"9":0.2790913284,"10":0.2642559111,"11":0.2257765383,"12":0.2540565729,"13":0.2267037481,"14":0.259619832,"15":0.2716736197,"16":0.2786277235,"17":0.1988873482,"18":0.2804821432,"19":0.2605470419}}